phi,lambda_eff,V
246.22,0.00063521895766320471,583655.74862369429
272.11518344858598,0.00042003332689157576,575751.21021741792
300.73378711419707,0.00021577236804793407,441229.69190354063
332.36223560136358,2.1972169239508145e-005,67028.520020786018
367.31707705323373,-0.00016180710082949203,-736380.13482908742
405.94815127178578,-0.00033598271615870447,-2281073.1737455088
448.64209103215143,-0.00050095080295236021,-5073821.1000819951
495.82619163338109,-0.00065708764509130957,-9928443.4686452504
547.97268741341577,-0.00080475089440295515,-18139993.482761331
605.6034780290646,-0.0009442806937121779,-31753716.411228001
669.29535180318669,-0.0010760007199022044,-53978872.154482104
739.6857584160914,-0.0012002191535392533,-89823420.700033233
817.47918871619345,-0.0013172295810096374,-147064653.75855356
903.45422550121123,-0.0014273118345748536,-237729725.68410864
998.47133583649691,-0.0015307327752619787,-380348577.56900775
1103.4814828986396,-0.0016277470230676211,-603374730.35219276
1219.5356435345666,-0.0017185976385579009,-950368890.16250181
1347.7953267910727,-0.0018035167595901751,-1487839128.4444728
1489.5441986877574,-0.0018827261965599479,-2317078523.0423999
1646.200929578004,-0.0019564379892852272,-3592009414.0625739
1819.3333926787072,-0.0020248549283769482,-5546041119.9733181
2010.6743558724097,-0.0020881710437053763,-8532435888.5672216
2222.1388238306727,-0.002146572062355787,-13084894639.915277
2455.8432040244843,-0.0022002358382702766,-20008373434.532234
2714.1264884415796,-0.0022493327555937895,-30515047511.871552
2999.5736630044144,-0.0022940261075801113,-46427627545.694092
3315.0415789781223,-0.0023344724527655162,-70483048854.764221
3663.6875452981963,-0.0023708219499830492,-106785592227.53461
4049.0009279795236,-0.0024032186736673402,-161482254395.46225
4474.8380728642796,-0.0024318009107876502,-243768353204.62012
4945.4609012272776,-0.0024567014406441591,-367383358415.14966
5465.5795645165708,-0.002478047798668693,-552833779107.30566
6040.399585132277,-0.0024959625252851613,-830693372262.15247
6675.6739550443999,-0.002510563400806225,-1246498244049.4492
7377.7607136701099,-0.0025219636672705946,-1868000964193.5442
8153.6865812692413,-0.0025302722380590088,-2795910812942.9595
9011.2172847224174,-0.0025355938960662338,-4179781251451.4585
9958.9352795358191,-0.0025380294811503628,-6241490462131.2246
11006.325645940558,-0.002537676067529345,-9309913061182.8867
12163.871018763673,-0.0025346271317472878,-13872071343402.672
13443.156501160813,-0.0025289727117894165,-20648531485157.59
14856.985612222508,-0.0025207995578843847,-30704436664826.383
16419.508428896639,-0.0025101912754955215,-45612873052554.93
18146.363204714533,-0.0024972284609683076,-67695013822838.172
20054.832882688512,-0.0024819888302697484,-100372795694696.97
22164.018068814552,-0.0024645473412260345,-148686368942187.22
24495.028197357024,-0.0024449763096377974,-220052566933520.5
27071.192801161938,-0.0024233455196272318,-325375550902401.19
29918.295001463004,-0.0023997223285481188,-480671487725981.12
33064.829554024931,-0.0023741717667682279,-709442657073305.25
36542.288034236539,-0.0023467566326137277,-1046142892052704.8
40385.474015381951,-0.0023175375827465625,-1541230280803401.8
44632.851394499885,-0.0022865732182286479,-2268525433008510
49326.929351993393,-0.0022539201665107349,-3335914125041366.5
54514.687797795152,-0.0022196331595689036,-4900894231338632
60248.047562096581,-0.0021837651083978387,-7193128870789159
66584.390036467565,-0.0021463671740571586,-10547116155751948
73587.131466109873,-0.0021074888354551146,-15449441583299860
81326.357640954026,-0.0020671779540427462,-22607011821978132
89879.52533780162,-0.002025480835581228,-33045416336058784
99332.237533781663,-0.0019824422891353932,-48250457510466880
109779.10014971779,-0.0019381056834373322,-70371390108753168
121324.66889798209,-0.0018925130007555811,-1.025121493492515e+017
134084.49571120684,-0.0018457048883973651,-1.4914768711383718e+017
148186.2852248647,-0.0017977207079641234,-2.1671764583449597e+017
163771.1728881835,-0.0017485985824734795,-3.1447054116633741e+017
180995.13749515938,-0.0016983754414544657,-4.5566045565300608e+017
200030.56227275336,-0.0016470870641166712,-6.5923762775683814e+017
221067.96015016685,-0.0015947681206883401,-9.5222761029079859e+017
244317.8804762706,-0.0015414522120131458,-1.3730649540421445e+018
270013.01626825635,-0.001487171907490324,-1.9762413540392791e+018
298410.53308156366,-0.0014319587814382571,-2.8387498201872532e+018
329794.64280919515,-0.0013758434479571005,-4.0689599515324477e+018
364479.4481698685,-0.0013188555943620655,-5.8187464588882401e+018
402812.08635359904,-0.0012610240132549461,-8.299909131327957e+018
445176.20328737411,-0.0012023766332979952,-1.1806150125430018e+019
491995.79329253844,-0.0011429405487506986,-1.6742072070508038e+019
543739.44256247126,-0.0010827420478269096,-2.3660742107449954e+019
600925.01893070724,-0.0010218066399266825,-3.3311168896236519e+019
664124.85486627568,-0.00096015908179436082,-4.6696264343784923e+019
733971.47556941817,-0.00089782340265176692,-6.5139985716483187e+019
811163.92949639168,-0.00083482292835284028,-9.0358476255069946e+019
896474.78467137716,-0.00077118030460365794,-1.2452262075785481e+020
990757.86080693454,-0.00070691751928957981,-1.7028596723938817e+020
1094956.7746186645,-0.0006420559239491032,-2.307282466928582e+020
1210114.3838584595,-0.00057661625443203573,-3.0912389859009272e+020
1337383.2245854004,-0.00051061865077772154,-4.0837595939618855e+020
1478037.0461340172,-0.00044408267634727912,-5.298404592714578e+020
1633483.5592257502,-0.00037702733624209379,-6.710763276884801e+020
1805278.5248109989,-0.00030947109503929617,-8.2174479889626681e+020
1995141.3246476226,-0.00024143189387337616,-9.5637740310724634e+020
2204972.169451477,-0.00017292716689174673,-1.0219171420146663e+021
2436871.1168439416,-0.00010397385711065874,-9.166307152595946e+020
2693159.0894344482,-3.4588431696665281e-005,-4.549031185577117e+020
2976401.1033940446,3.5213103302415968e-005,6.9089195703867815e+020
3289431.9399993671,0.00010541518875420232,3.0855090148943095e+021
3635384.5170764592,0.0001760026987443239,7.6852986496934646e+021
4017721.2442953857,0.00024696092736419624,1.6087459319629088e+022
4440268.6761299651,0.00031827557596413221,3.0930028480693981e+022
4907255.8093010942,0.00038993274085300672,5.6530718112566835e+022
5423356.4079973456,0.00046191890142643075,9.9902953177496718e+022
5993735.780477873,0.00053422090870627599,1.7236586659692844e+023
6624102.4752135901,0.00060682597427518848,2.9208707527424333e+023
7320765.4139589742,0.0006797216595903861,4.8808681965639758e+023
8090697.0335614886,0.00075289586566185259,8.0652656410890466e+023
8941603.0684530698,0.00082633682308060725,1.3205615944570253e+024
9881999.672230307,0.00090003308238343878,2.1457435824425952e+024
10921298.650182018,0.00097397350474103417,3.4640510596822294e+024
12069901.655799992,0.0010481472529570665,5.5613116765839439e+024
13339304.294023259,0.0011225437827663096,8.8853802139653627e+024
14742211.173116114,0.0011971528344203502,1.4136442089768645e+025
16292663.056657808,0.0012719644245500418,2.2406977487284347e+025
18006177.388223697,0.0013469688382942195,3.5398401789282539e+025
19899903.595176153,0.0014221566216846826,5.5755963658180142e+025
21992794.725897711,0.0014975185742779193,8.7585841956042023e+025
24305797.138269637,0.0015730457420243464,1.372526807470567e+026
26862060.137861904,0.0016487294103663412,2.146083729254996e+026
29687167.6639641,0.0017245610975566491,3.3488342655355671e+026
32809394.342248887,0.0018005325481890645,5.2159550359554216e+026
36259988.466729164,0.0018766357269337224,8.1101826523524333e+026
40073484.743187465,0.0019528628124695485,1.2590418999534176e+027
44288049.924118951,0.0020292061916067877,1.9516971119593073e+027
48945864.794418663,0.0021056584535928112,3.0212868585063555e+027
54093546.3308542,0.002182212384594615,4.6710965315041287e+027
59782614.26043772,0.002258860962351803,7.2132190166193078e+027
66070006.687170267,0.0023355973509940082,1.1126418362417592e+028
73018649.947724149,0.0024124148960169506,1.7144594034663185e+028
80698088.399370641,0.002489307119411633,2.6391949920369259e+028
89185180.443282232,0.0025662677149412955,4.0589411102585846e+028
98564867.749244526,0.002643290543561052,6.2369675579441553e+028
108931025.38043737,0.0027203696289752784,9.5757829410448822e+028
120387401.32661965,0.0027974991533280019,1.4690417279895596e+029
133048654.84888169,0.002874673453021794,2.2520108544677997e+029
147041504.02806854,0.0029518870146607668,3.4498442178862089e+029
162505994.00192457,0.0030291344711134835,5.2812423814961266e+029
179596898.58390269,0.003106410597691765,8.0796807041984592e+029
198485269.29151073,0.0031837103084414666,1.2353404884944695e+030
219360147.28739107,0.0032610286525415412,1.8876676778663511e+030
242430455.3668153,0.0033383608108077537,2.8828496370489472e+030
267927088.92724061,0.0034157020922975932,4.4003426529526187e+030
296105226.84705418,0.003493047931013077,6.7131885959771696e+030
327246885.40155679,0.0035703938826982151,1.0236658745162495e+031
361663740.77663481,0.0036477356217280441,1.560210667529874e+031
399700248.42878658,0.0037250689380862916,2.3769059394821015e+031
441737090.51110655,0.003802389734428752,3.6195293534041234e+031
488194985.8682251,0.003879694023229672,5.5094816729431568e+031
539538900.73191416,0.0039569779240084457,8.3829077516336955e+031
596282702.25941539,0.0040342376606340652,1.2750004316371792e+032
658994301.48866618,0.0041114695587048692,1.938490711311806e+032
728301337.18284941,0.0041886700430011966,2.9461888985752577e+032
804897457.4500916,0.0042658356350086437,4.47616769540094e+032
889549262.0068723,0.0043429629505097357,6.7983911434058652e+032
983103974.56564999,0.0044200486972418192,1.0322024140547237e+033
1086497922.1345377,0.0044970896726191983,1.56670473721797e+033
1200765906.0927107,0.0045740827615174534,2.3772640350306202e+033
1327051558.8304181,0.0046510249341180461,3.60611740765266e+033
1466618789.6063325,0.0047279132438113759,5.4686293133274374e+033
1620864434.1762257,0.0048047448251564854,8.2908127726254522e+033
1791332234.7947047,0.004881516891895676,1.2566066952575549e+034
1979728290.5065656,0.0049582267350223967,1.9040955952380207e+034
2187938132.3594737,0.005034871720900759,2.8844868831468204e+034
2418045594.4324374,0.005111449289435163,4.3685972461231314e+034
2672353669.5476723,0.005187956952288509,6.6147297846010876e+034
2953407558.3968272,0.005264392291147532,1.0013404982905804e+035
3264020142.7649789,0.0053407529560338847,1.5154925960478233e+035
3607300137.7969785,0.0054170366636596117,2.2931417278778493e+035
3986683205.0634971,0.005493241195825658,3.4690901294842229e+035
4405966337.8167906,0.0055693643978622295,5.2469912743159759e+035
4869345862.5753822,0.0056454041771096756,7.934463026393312e+035
5381459437.3702917,0.0057213585014388143,1.1996082803180368e+036
5947432466.985384,0.0057972253978094967,1.8133359521417941e+036
6572929399.7311516,0.0058730029508662794,2.7405397004658094e+036
7264210419.1472931,0.0059486893015702072,4.1410927522647625e+036
8028194098.0236998,0.0060242826458656177,6.2562890282994123e+036
8872526641.8023491,0.0060997812333809616,9.4502547625876104e+036
9805658414.3713455,0.0061751833661626834,1.427239668363419e+037
10836928512.14698,0.0062504873974412534,2.1551560723435853e+037
11976658232.889641,0.0063256917304283511,3.2537985326393571e+037
13236254374.720909,0.0064007948171444411,4.9117282854250205e+037
14628323399.193115,0.0064757951572757622,7.4132956999401559e+037
16166797600.993734,0.0065506912970600094,1.1187244950384811e+038
17867074547.033424,0.006625481828199861,1.6879954573296549e+038
19746171180.470966,0.0067001653868035485,2.5465788162845612e+038
21822894131.999992,0.006774740652351798,3.841333964792429e+038
24118027942.930096,0.0068492063466903189,5.7935856940986168e+038
26654543083.862179,0.0069235612330472299,8.7368426654571985e+038
29457825850.878872,0.0069978041150746623,1.3173602398595155e+039
32555932440.128349,0.0070719338359139265,1.9860892089436203e+039
35979869743.665413,0.007145949277283568,2.9939068567003661e+039
39763905676.848923,0.0072198493585897546,4.5125734576673039e+039
43945912143.156586,0.00729363303605827,6.800766284599862e+039
48567744068.924118,0.0073672993018876649,1.0248021968315523e+040
53675658301.515961,0.0074408471834229118,1.5440875171932029e+040
59320776563.401154,0.0075142757423490407,2.3262396148601857e+040
65559597095.534416,0.0075875840739042348,3.5041979284854737e+040
72454560110.741333,0.0076607713061118271,5.2780731236083907e+040
80074672716.355209,0.0077338365990307538,7.9490584394399886e+040
88496199560.541306,0.0078067791440239263,1.1970447431418676e+041
97803426114.52916,0.0078795981630440728,1.8024380777533972e+041
108089502229.93797,0.007952292907936611,2.7137288029398498e+041
119457374413.80032,0.0080248626597590328,4.0853519564119919e+041
132020816151.80609,0.0080973067281164823,6.1496479218837226e+041
145905566591.58783,0.0081696244505129918,9.2561321678728615e+041
161250588982.37268,0.0082418151917180524,1.3930545372215124e+042
178209461465.88773,0.0083138783431480744,2.096364057599806e+042
196951914138.02191,0.0083858133222623876,3.1544672503301814e+042
217665527764.67383,0.0084576195719733675,4.746208052902808e+042
240557611153.10495,0.0085292965600703916,7.1405165990963108e+042
265857275968.16168,0.0086008437786571773,1.074175568443899e+043
293817729758.8241,0.008672260743602252,1.6157878225870591e+043
324718810144.46216,0.0087435469940021892,2.430286335439538e+043
358869785523.78717,0.0088147020916572449,3.6550660409434643e+043
396612450336.93463,0.0088857256205591567,5.4966524877209855e+043
438324545859.10229,0.0089566171863907518,8.265463020711924e+043
484423540762.19543,0.0090273764160370591,1.2428036474433747e+044
535370809281.61151,0.0090980029571077013,1.8685504749778311e+044
591676248804.66113,0.0091684964774701918,2.8091483548582513e+044
653903383095.00269,0.0092388566647939492,4.2229172870507283e+044
722675002227.8761,0.0093090832261047245,6.3477388541087835e+044
798679395682.50256,0.0093791758873491751,9.541015722960644e+044
882677240974.53491,0.009449134392969372,1.4339689578913879e+045
975509216772.30652,0.0095189585054869484,2.1550380891482763e+045
1078104416691.506,0.009588648005096706,3.238476021274783e+045
1191489647976.3623,0.0096582026892694031,4.8662836259209757e+045
1316799708131.6667,0.009727622372363522,7.311821792147797e+045
1455288742357.6191,0.0097969068852458031,1.0985647717868944e+046
1608342795456.5247,0.0098660560749203249,1.6504336135824098e+046
1777493683835.041,0.0099350698041658931,2.4793805856132105e+046
1964434326437.6375,0.010003947951181629,3.724444351233792e+046
2171035688048.4004,0.010072690409240437,5.5943978037394869e+046
2399365504535.4463,0.010141297086350263,8.402705781433444e+046
2651708977446.479,0.010209767904922925,1.2619998810212052e+047
2930591645073.9624,0.010278102801450294,1.8952835551458688e+047
3238804658891.2139,0.010346301726187735,2.8461918413908781e+047
3579432718334.4878,0.010414364642844551,4.2739516269851366e+047
3955884943511.7373,0.010482291528281314,6.4175734715687631e+047
4371928994822.4985,0.010550082372213918,9.6358106832476086e+047
4831728780969.5244,0.010617737176924186,1.4467122936261669e+048
5339886132756.6191,0.010685255956976851,2.1719655051531343e+048
5901486859758.0527,0.010752638738942839,3.2606249048132448e+048
6522151650810.1787,0.010819885561128596,4.8947018929858111e+048
7208092327754.4863,0.01088699647331144,7.3473284431242004e+048
7966174015438.458,0.010953971536480693,1.1028355899146336e+049
8803983850192.4902,0.011020810822584524,1.6552763313139391e+049
9729906914440.4102,0.011087514414282356,2.4843280777791854e+049
10753210157422.701,0.011154082404702684,3.7284334167132997e+049
11884135141939.227,0.011220514897206211,5.5952967239332058e+049
13134000545352.043,0.011286812005154195,8.396521803017462e+049
14515315440712.775,0.011352973851681799,1.2599565220337128e+050
16041904491770.162,0.011419000569476458,1.8905658497483011e+050
17729046314851.488,0.011484892300561053,2.8366675059047376e+050
19593626392390.098,0.011550649196081805,4.2560399294493931e+050
21654306068509.004,0.011616271416100823,6.3853372972346415e+050
23931709318025.164,0.011681759129393132,9.5795064084237538e+050
26448629158121.402,0.011747112513248142,1.4370894672717992e+051
29230255768523.375,0.011812331753275441,2.1557882796450363e+051
32304428603284.977,0.01187741704321477,3.2337784999788849e+051
35701915017401.672,0.011942368584750162,4.8506118920595581e+051
39456718196840.562,0.012007186587328102,7.2755379175916515e+051
43606417473854.398,0.012071871267979626,1.0912298498579241e+052
48192544433569.633,0.012136422851146285,1.6366285918564986e+052
53260998576049.594,0.012200841568509859,2.4545224856673104e+052
58862506693918.492,0.012265127658825804,3.681010810113963e+052
65053130563151.859,0.012329281367760252,5.5201461552130272e+052
71894828028173.516,0.012393302947730585,8.2778522689117821e+052
79456073096787.328,0.012457192657749428,1.2412766317028931e+053
87812541251062.219,0.012520950763272021,1.8612448060450302e+053
97047866832992.125,0.012584577536046918,2.7907608681911391e+053
107254480085101.11,0.012648073253969877,4.1843321263930762e+053
118534532223377.47,0.012711438200940943,6.2735629444980944e+053
131000917800977.53,0.012774672666724595,9.4056138104842777e+053
144778404594858.81,0.012837776946812941,1.410083986325848e+054
160004882323627.69,0.012900751342291867,2.113917100924076e+054
176832742694189.59,0.012963596159710046,3.1689561802616362e+054
195430404589172.31,0.013026311710950835,4.7503980229487189e+054
215983999659710.84,0.013088898313106919,7.1208103560187234e+054
238699235193573.03,0.013151356288357645,1.0673691891858397e+055
263803452902836.06,0.013213685963849054,1.599874412563025e+055
291547904236153.25,0.013275887671576499,2.3979673929512604e+055
322210264987700.5,0.013337961748269784,3.5940735845682203e+055
356097414369854.69,0.013399908535280803,5.3866297298104128e+055
393548506363496.62,0.013461728378473653,8.0729805454512188e+055
434938364085045.44,0.01352342162811707,1.2098665335914307e+056
480681231142190,0.013584988638779273,1.8131258409049657e+056
531234917523146.75,0.013646429769225013,2.7170992666378769e+056
587105381512897.12,0.013707745382314937,4.0716485336271269e+056
648851793493761.88,0.013768935844907097,6.1013006037029434e+056
717092132310531.38,0.013830001527760632,9.1424389119553367e+056
792509370210453.75,0.013890942805441545,1.369901543418615e+057
875858308259040.5,0.013951760056230516,2.0526004661455463e+057
967973130642827.5,0.014012453662032772,3.075441049195371e+057
1069775753465092.5,0.0140730240082899,4.607851121229441e+057
1182285051592084,0.014133471483893611,6.9036322658866659e+057
1306627055895138,0.014193796481101396,1.0342967723109398e+058
1444046222946110.2,0.014253999395454029,1.5495340514779131e+058
1595917889957024,0.01431408062569489,2.3213768026337059e+058
1763762039617154.8,0.014374040573691084,3.4775936992382573e+058
1949258512590667.8,0.014433879644356277,5.2095576253250954e+058
2154263819926599.8,0.014493598245575279,7.8039014828621914e+058
2380829723645432,0.014553196788130258,1.168992578798206e+059
2631223771463012.5,0.014612675685628638,1.7510594483662298e+059
2907951991170246,0.014672035354432563,2.6228853207684751e+059
3213783971801528.5,0.014731276213589963,3.9286840452992591e+059
3551780582612697,0.01479039868476717,5.8844300426833314e+059
3925324607289333.5,0.014849403192183037,8.8135589855323324e+059
4338154599982884,0.014908290162544515,1.3200425964385915e+060
4794402302017178,0.014967060024983726,1.9770352007436984e+060
5298633993744323,0.015025713210996447,2.9609480633144753e+060
5855896195413249,0.015084250154381971,4.4344239695765109e+060
6471766174440553,0.015142671291184372,6.641004504806912e+060
7152407764577388,0.015200977059635065,9.9453615555827947e+060
7904633055629383,0.015259167900096742,1.4893532485309755e+061
8735970571141038,0.015317244255008534,2.2303103302912904e+061
9654740616389782,0.015375206568832489,3.3398226845213422e+061
10670138550797740,0.015433055288001284,5.0011761986756459e+061
11792326818179500,0.015490790860867097,7.4887895636939048e+061
13032536655895520,0.015548413737651768,1.1213518855923983e+062
14403180500850584,0.01560592437039803,1.6790480310761285e+062
15917976217334308,0.015663323212921978,2.5140581829352184e+062
17592084390017684,0.015720610720766578,3.7642514044120378e+062
19442260056180116,0.015777787351156355,5.6360274368867338e+062
21487020395754072,0.015834853562953125,8.4383754462660912e+062
23746830057485696,0.01589180981661277,1.2633856646716348e+063
26244305976017852,0.015948656574143117,1.8914918957290037e+063
29004443729773856,0.016005394299062767,2.8318128546833379e+063
32054867705107636,0.016062023456361003,4.2395154255251493e+063
35426107570447236,0.016118544512458609,6.3468696595897504e+063
39151903827477824,0.016174957935169702,9.5015554988761459e+063
43269545497423136,0.016231264193664486,1.4223998211664026e+064
47820243322103136,0.016287463758432964,2.1293183531117848e+064
52849542214889584,0.016343557101249555,3.1875096813052279e+064
58407777089507224,0.016399544695138567,4.7714954204838382e+064
64550576628768480,0.016455427014340624,7.1424904756521711e+064
71339420035128512,0.016511204534279875,1.0691461179671234e+065
78842252335207232,0.016566877731532127,1.6003566023004092e+065
87134164396452864,0.016622447083793752,2.3954595995215771e+065
96298144461782224,0.016677913069851447,3.5855302445698783e+065
1.0642590872380922e+017,0.016733276169552783,5.3667387667196152e+065
1.1761881925132731e+017,0.016788536863777542,8.0326735692158065e+065
1.2998889845496307e+017,0.016843695634409815,1.2022712108294049e+066
1.4365995024511368e+017,0.016898752964310901,1.799440590028339e+066
1.5876879910309414e+017,0.016953709337292927,2.6931800039333857e+066
1.7546665946653462e+017,0.017008565238093167,4.0307523983566987e+066
1.9392064913429712e+017,0.017063321152349157,6.0325342802856592e+066
2.143154618375767e+017,0.01711797756657446,9.0283103442376075e+066
2.3685521571684109e+017,0.017172534968135131,1.351158285119392e+067
2.6176549620478685e+017,0.017226993845226926,2.0220836170216889e+067
2.8929561376117178e+017,0.017281354686853073,3.026113329882265e+067
3.1972109905569222e+017,0.017335617982802823,4.5286058742607738e+067
3.5334646057153446e+017,0.017389784223630553,6.7769952848244687e+067
3.9050823222862342e+017,0.017443853900635582,1.014152402085525e+068
4.3157834152820602e+017,0.017497827505842552,1.5176188308649595e+068
4.7696783192829286e+017,0.01755170553198248,2.2709924615575694e+068
5.2713097670474266e+017,0.017605488472474364,3.398304108744018e+068
5.8256982547089331e+017,0.017659176821407434,5.0851340889739801e+068
6.4383922885883699e+017,0.017712771073523949,7.6091519453835692e+068
7.1155239165103795e+017,0.017766271724202608,1.1385807572551174e+069
7.8638700993990042e+017,0.017819679269442508,1.7036689778652977e+069
8.6909205373804326e+017,0.017872994205847627,2.5491796313420304e+069
9.6049526292192346e+017,0.017926217030611952,3.8142536276093183e+069
1.0615114315307328e+018,0.01797934824150503,5.707062845468555e+069
1.1731515633326149e+018,0.018032388336858128,8.5390539009900326e+069
1.2965329902901875e+018,0.018085337815550918,1.2776177048816773e+070
1.4328905551943713e+018,0.018138197176998622,1.911552400550346e+070
1.5835889703860879e+018,0.018190966921139702,2.8599975810714008e+070
1.7501364762560625e+018,0.018243647548424058,4.278971046905266e+070
1.9341999362215916e+018,0.018296239559801683,6.401876697651915e+070
2.1376215192558756e+018,0.01834874345671187,9.5778843459156885e+070
2.3624371369342771e+018,0.018401159741072776,1.4329342001389936e+071
2.6108968195216599e+018,0.018453488915271578,2.1437657780034259e+071
2.8854872350315418e+018,0.018505731482155046,3.2071767472489356e+071
3.1889565766353715e+018,0.018557887945020529,4.7980302207698358e+071
3.524342067503488e+018,0.018609958807607456,7.1779038346114735e+071
3.895000358355456e+018,0.018661944574089265,1.0738086838750925e+072
4.3046411219486761e+018,0.018713845749065719,1.6063894925189166e+072
4.7573641807302042e+018,0.018765662837555715,2.4030870946879505e+072
5.257700539237801e+018,0.018817396344990491,3.5948678268847252e+072
5.8106577319162685e+018,0.018869046777207233,5.3776328576082554e+072
6.4217699402052639e+018,0.018920614640443145,8.0444104368417351e+072
7.0971533804872489e+018,0.018972100441329864,1.2033506262276165e+073
7.84356751723678e+018,0.019023504686888317,1.8000521840068985e+073
8.6684827140129014e+018,0.019074827884523967,2.6926070995491387e+073
9.5801549993685197e+018,0.019126070542022446,4.0276887747227087e+073
1.0587708695959114e+019,0.019177233167545563,6.0246787300167577e+073
1.1701227739830653e+019,0.019228316321906413,9.0117055885829961e+073
